{"version": 2, "width": 102, "height": 51, "timestamp": 1659308352, "env": {"SHELL": "/bin/bash", "TERM": "xterm-256color"}}
[0, "o", "\u001b]0;maxi@asus-tuf: ~\u0007\u001b[01;32mmaxi@asus-tuf\u001b[00m:\u001b[01;34m~\u001b[00m$ "]
[6.861832, "o", "s"]
[7.070675, "o", "s"]
[7.329327, "o", "m"]
[7.649464, "o", "-session "]
[9.077444, "o", "\r\n"]
[9.410114, "o", "\u001b[?1l\u001b[6n"]
[9.411051, "o", "\u001b[?2004h\u001b[?1000h\u001b[?1015h\u001b[?1006h\u001b[?25l\u001b[?7l\u001b[0m\u001b[0m\u001b[J\u001b[0;38;5;67m?\u001b[0;1m Select profile \u001b[0m (Use arrow keys)\u001b[0m\r\r\n\u001b[0;38;5;214;1m ❯ \u001b[0mdefault\u001b[0m\r\r\n\u001b[0m \u001b[0m \u001b[0m \u001b[0ma\u001b[0mc\u001b[0mc\u001b[0mo\u001b[0mu\u001b[0mn\u001b[0mt\u001b[0m-\u001b[0m1\u001b[0m\r\r\n\u001b[0m \u001b[0m \u001b[0m \u001b[0ma\u001b[0mc\u001b[0mc\u001b[0mo\u001b[0mu\u001b[0mn\u001b[0mt\u001b[0m-\u001b[0m2\u001b[0m\r\r\n\u001b[0m \u001b[0m \u001b[0m \u001b[0ma\u001b[0mc\u001b[0mc\u001b[0mo\u001b[0mu\u001b[0mn\u001b[0mt\u001b[0m-\u001b[0m3\u001b[12D\u001b[4A\u001b[0m"]
[9.416608, "o", "\u001b[?25l\u001b[0m"]
[11.027782, "o", "\u001b[?25l\u001b[0m\r\r\n\u001b[0m \u001b[0m \u001b[0m \u001b[0md\u001b[0me\u001b[0mf\u001b[0ma\u001b[0mu\u001b[0ml\u001b[0mt\u001b[0m\r\r\n\u001b[0;38;5;214;1m ❯ \u001b[0maccount-1\u001b[2A\u001b[12D\u001b[0m"]
[12.701494, "o", "\u001b[?25l\u001b[0m\u001b[J\u001b[0;38;5;67m?\u001b[0;1m Select profile \u001b[0;38;5;214;1m account-1\u001b[27D\u001b[0m\r\r\n\u001b[J\u001b[?7h\u001b[0m\u001b[?12l\u001b[?25h\u001b[?1000l\u001b[?1015l\u001b[?1006l\u001b[?2004l"]
[13.993034, "o", "\u001b[?1l\u001b[6n"]
[13.996374, "o", "\u001b[?2004h\u001b[?1000h\u001b[?1015h\u001b[?1006h\u001b[?25l\u001b[?7l\u001b[0m\u001b[0m\u001b[J\u001b[0;38;5;67m?\u001b[0;1m Select region \u001b[0m (Use arrow keys)\u001b[0m\r\r\n\u001b[0;38;5;214;1m ❯ \u001b[0maf-south-1 - Africa (Cape Town)\u001b[0m\r\r\n\u001b[0m \u001b[0m \u001b[0m \u001b[0me\u001b[0mu\u001b[0m-\u001b[0mn\u001b[0mo\u001b[0mr\u001b[0mt\u001b[0mh\u001b[0m-\u001b[0m1\u001b[0m \u001b[0m-\u001b[0m \u001b[0mE\u001b[0mu\u001b[0mr\u001b[0mo\u001b[0mp\u001b[0me\u001b[0m \u001b[0m(\u001b[0mS\u001b[0mt\u001b[0mo\u001b[0mc\u001b[0mk\u001b[0mh\u001b[0mo\u001b[0ml\u001b[0mm\u001b[0m)\u001b[0m\r\r\n\u001b[0m \u001b[0m \u001b[0m \u001b[0ma\u001b[0mp\u001b[0m-\u001b[0ms\u001b[0mo\u001b[0mu\u001b[0mt\u001b[0mh\u001b[0m-\u001b[0m1\u001b[0m \u001b[0m-\u001b[0m \u001b[0mA\u001b[0ms\u001b[0mi\u001b[0ma\u001b[0m \u001b[0mP\u001b[0ma\u001b[0mc\u001b[0mi\u001b[0mf\u001b[0mi\u001b[0mc\u001b[0m \u001b[0m(\u001b[0mM\u001b[0mu\u001b[0mm\u001b[0mb\u001b[0ma\u001b[0mi\u001b[0m)\u001b[0m\r\r\n\u001b[0m \u001b[0m \u001b[0m \u001b[0me\u001b[0mu\u001b[0m-\u001b[0mw\u001b[0me\u001b[0ms\u001b[0mt\u001b[0m-\u001b[0m3\u001b[0m \u001b[0m-\u001b[0m \u001b[0mE\u001b[0mu\u001b[0mr\u001b[0mo\u001b[0mp\u001b[0me\u001b[0m \u001b[0m(\u001b[0mP\u001b[0ma\u001b[0mr\u001b[0mi\u001b[0ms\u001b[0m)\u001b[0m\r\r\n\u001b[0m \u001b[0m \u001b[0m \u001b[0me\u001b[0mu\u001b[0m-\u001b[0mw\u001b[0me\u001b[0ms\u001b[0mt\u001b[0m-\u001b[0m2\u001b[0m \u001b[0m-\u001b[0m \u001b[0mE\u001b[0mu\u001b[0mr\u001b[0mo\u001b[0mp\u001b[0me\u001b[0m \u001b[0m(\u001b[0mL\u001b[0mo\u001b[0mn\u001b[0md\u001b[0mo\u001b[0mn\u001b[0m)\u001b[0m\r\r\n\u001b[0m \u001b[0m \u001b[0m \u001b[0me\u001b[0mu\u001b[0m-\u001b[0ms\u001b[0mo\u001b[0mu\u001b[0mt\u001b[0mh\u001b[0m-\u001b[0m1\u001b[0m \u001b[0m-\u001b[0m \u001b[0mE\u001b[0mu\u001b[0mr\u001b[0mo\u001b[0mp\u001b[0me\u001b[0m \u001b[0m(\u001b[0mM\u001b[0mi\u001b[0ml\u001b[0ma\u001b[0mn\u001b[0m)\u001b[0m\r\r\n\u001b[0m \u001b[0m \u001b"]
[13.996402, "o", "[0m \u001b[0me\u001b[0mu\u001b[0m-\u001b[0mw\u001b[0me\u001b[0ms\u001b[0mt\u001b[0m-\u001b[0m1\u001b[0m \u001b[0m-\u001b[0m \u001b[0mE\u001b[0mu\u001b[0mr\u001b[0mo\u001b[0mp\u001b[0me\u001b[0m \u001b[0m(\u001b[0mI\u001b[0mr\u001b[0me\u001b[0ml\u001b[0ma\u001b[0mn\u001b[0md\u001b[0m)\u001b[0m\r\r\n\u001b[0m \u001b[0m \u001b[0m \u001b[0ma\u001b[0mp\u001b[0m-\u001b[0mn\u001b[0mo\u001b[0mr\u001b[0mt\u001b[0mh\u001b[0me\u001b[0ma\u001b[0ms\u001b[0mt\u001b[0m-\u001b[0m3\u001b[0m \u001b[0m-\u001b[0m \u001b[0mA\u001b[0ms\u001b[0mi\u001b[0ma\u001b[0m \u001b[0mP\u001b[0ma\u001b[0mc\u001b[0mi\u001b[0mf\u001b[0mi\u001b[0mc\u001b[0m \u001b[0m(\u001b[0mO\u001b[0ms\u001b[0ma\u001b[0mk\u001b[0ma\u001b[0m)\u001b[0m\r\r\n\u001b[0m \u001b[0m \u001b[0m \u001b[0ma\u001b[0mp\u001b[0m-\u001b[0mn\u001b[0mo\u001b[0mr\u001b[0mt\u001b[0mh\u001b[0me\u001b[0ma\u001b[0ms\u001b[0mt\u001b[0m-\u001b[0m2\u001b[0m \u001b[0m-\u001b[0m \u001b[0mA\u001b[0ms\u001b[0mi\u001b[0ma\u001b[0m \u001b[0mP\u001b[0ma\u001b[0mc\u001b[0mi\u001b[0mf\u001b[0mi\u001b[0mc\u001b[0m \u001b[0m(\u001b[0mS\u001b[0me\u001b[0mo\u001b[0mu\u001b[0ml\u001b[0m)\u001b[0m\r\r\n\u001b[0m \u001b[0m \u001b[0m \u001b[0mm\u001b[0me\u001b[0m-\u001b[0ms\u001b[0mo\u001b[0mu\u001b[0mt\u001b[0mh\u001b[0m-\u001b[0m1\u001b[0m \u001b[0m-\u001b[0m \u001b[0mM\u001b[0mi\u001b[0md\u001b[0md\u001b[0ml\u001b[0me\u001b[0m \u001b[0mE\u001b[0ma\u001b[0ms\u001b[0mt\u001b[0m \u001b[0m(\u001b[0mB\u001b[0ma\u001b[0mh\u001b[0mr\u001b[0ma\u001b[0mi\u001b[0mn\u001b[0m)\u001b[0m\r\r\n\u001b[0m \u001b[0m \u001b[0m \u001b[0ma\u001b[0mp\u001b[0m-\u001b[0mn\u001b[0mo\u001b[0mr\u001b[0mt\u001b[0mh\u001b[0me\u001b[0ma\u001b[0ms\u001b[0mt\u001b[0m-\u001b[0m1\u001b[0m \u001b[0m-\u001b[0m \u001b[0mA\u001b[0ms\u001b[0mi\u001b[0ma\u001b[0m \u001b[0mP\u001b[0ma\u001b[0mc\u001b[0mi\u001b[0mf\u001b[0mi\u001b[0mc\u001b[0m \u001b[0m(\u001b[0mT\u001b[0mo\u001b[0mk\u001b[0my\u001b[0mo\u001b[0m)\u001b[0m\r\r\n\u001b[0m \u001b[0m \u001b[0m \u001b[0ms\u001b[0ma\u001b[0m-\u001b[0me\u001b[0ma\u001b[0ms\u001b[0mt\u001b[0m-\u001b[0m1"]
[13.996412, "o", "\u001b[0m \u001b[0m-\u001b[0m \u001b[0mS\u001b[0mo\u001b[0mu\u001b[0mt\u001b[0mh\u001b[0m \u001b[0mA\u001b[0mm\u001b[0me\u001b[0mr\u001b[0mi\u001b[0mc\u001b[0ma\u001b[0m \u001b[0m(\u001b[0mS\u001b[0ma\u001b[0mo\u001b[0m \u001b[0mP\u001b[0ma\u001b[0mu\u001b[0ml\u001b[0mo\u001b[0m)\u001b[0m\r\r\n\u001b[0m \u001b[0m \u001b[0m \u001b[0mc\u001b[0ma\u001b[0m-\u001b[0mc\u001b[0me\u001b[0mn\u001b[0mt\u001b[0mr\u001b[0ma\u001b[0ml\u001b[0m-\u001b[0m1\u001b[0m \u001b[0m-\u001b[0m \u001b[0mC\u001b[0ma\u001b[0mn\u001b[0ma\u001b[0md\u001b[0ma\u001b[0m \u001b[0m(\u001b[0mC\u001b[0me\u001b[0mn\u001b[0mt\u001b[0mr\u001b[0ma\u001b[0ml\u001b[0m)\u001b[0m\r\r\n\u001b[0m \u001b[0m \u001b[0m \u001b[0ma\u001b[0mp\u001b[0m-\u001b[0me\u001b[0ma\u001b[0ms\u001b[0mt\u001b[0m-\u001b[0m1\u001b[0m \u001b[0m-\u001b[0m \u001b[0mA\u001b[0ms\u001b[0mi\u001b[0ma\u001b[0m \u001b[0mP\u001b[0ma\u001b[0mc\u001b[0mi\u001b[0mf\u001b[0mi\u001b[0mc\u001b[0m \u001b[0m(\u001b[0mH\u001b[0mo\u001b[0mn\u001b[0mg\u001b[0m \u001b[0mK\u001b[0mo\u001b[0mn\u001b[0mg\u001b[0m)\u001b[0m\r\r\n\u001b[0m \u001b[0m \u001b[0m \u001b[0ma\u001b[0mp\u001b[0m-\u001b[0ms\u001b[0mo\u001b[0mu\u001b[0mt\u001b[0mh\u001b[0me\u001b[0ma\u001b[0ms\u001b[0mt\u001b[0m-\u001b[0m1\u001b[0m \u001b[0m-\u001b[0m \u001b[0mA\u001b[0ms\u001b[0mi\u001b[0ma\u001b[0m \u001b[0mP\u001b[0ma\u001b[0mc\u001b[0mi\u001b[0mf\u001b[0mi\u001b[0mc\u001b[0m \u001b[0m(\u001b[0mS\u001b[0mi\u001b[0mn\u001b[0mg\u001b[0ma\u001b[0mp\u001b[0mo\u001b[0mr\u001b[0me\u001b[0m)\u001b[0m\r\r\n\u001b[0m \u001b[0m \u001b[0m \u001b[0ma\u001b[0mp\u001b[0m-\u001b[0ms\u001b[0mo\u001b[0mu\u001b[0mt\u001b[0mh\u001b[0me\u001b[0ma\u001b[0ms\u001b[0mt\u001b[0m-\u001b[0m2\u001b[0m \u001b[0m-\u001b[0m \u001b[0mA\u001b[0ms\u001b[0mi\u001b[0ma\u001b[0m \u001b[0mP\u001b[0ma\u001b[0mc\u001b[0mi\u001b[0mf\u001b[0mi\u001b[0mc\u001b[0m \u001b[0m(\u001b[0mS\u001b[0my\u001b[0md\u001b[0mn\u001b[0me\u001b[0my\u001b[0m)\u001b[0m\r\r\n\u001b[0m \u001b[0m \u001b[0m \u001b[0ma\u001b[0mp\u001b[0m-\u001b[0ms\u001b[0mo\u001b[0mu\u001b[0mt\u001b[0mh\u001b[0m"]
